"Context","Joint1","Joint2","Joint3","Joint4","Joint5","Joint6","Joint7"
playroom,-0.2828344379146142,0.5337419479938974,-0.12191653278457937,-1.3271019937130857,0.051913634488979975,1.8602580542932865,1.8537054844336307
dining_room,-0.17286183697553179,0.3498518714782533,0.08938334395356042,-1.6924855889772112,-0.08166645785180486,2.037432755000581,2.2392614062171843
laundry_room,-0.08998131547440179,0.3681223102275564,0.35176773803709016,-1.6939787181424293,-0.20793655107087525,2.0565959983682545,2.632105155107952
living_room,0.23236656827884808,0.6350597265063891,0.3774248047711556,-1.29531910726892,-0.24970737549625796,1.8775164473333112,2.89170068895258
